space, 1653831133.994212
space, 1653831134.6101933
space, 1653831135.1862912
space, 1653831135.763489
space, 1653831136.3628054
space, 1653831136.9384537
space, 1653831137.498298
space, 1653831138.051986
space, 1653831138.6674616
space, 1653831139.2825513
space, 1653831139.8584754
space, 1653831140.43438
space, 1653831140.9895287
space, 1653831141.602357
space, 1653831142.1407557
space, 1653831142.7386773
space, 1653831143.3306441
space, 1653831143.9710734
space, 1653831144.5241814
space, 1653831145.1000106
space, 1653831145.6745393
space, 1653831146.2352607
space, 1653831146.8192143
space, 1653831147.371086
space, 1653831147.9547439
space, 1653831148.5477989
space, 1653831149.1473267
space, 1653831149.7227998
space, 1653831150.3172
space, 1653831150.8935652
space, 1653831151.4516447
space, 1653831152.075401
space, 1653831152.6511064
space, 1653831153.243605
space, 1653831153.8274233
space, 1653831154.3795836
space, 1653831154.9949365
space, 1653831155.5309799
space, 1653831156.1411018
space, 1653831156.715247
space, 1653831157.2916682
space, 1653831157.867216
space, 1653831158.4595592
space, 1653831159.0372324
space, 1653831159.6351283
space, 1653831160.2111988
space, 1653831160.7714024
space, 1653831161.3874345
space, 1653831161.9637682
space, 1653831162.542224
space, 1653831163.1238322
space, 1653831163.717345
space, 1653831164.2935102
space, 1653831164.8688793
space, 1653831165.443411
space, 1653831166.0384393
space, 1653831166.5976577
space, 1653831167.1794786
space, 1653831167.7636464
space, 1653831168.358698
space, 1653831168.9350264
space, 1653831169.5155272
space, 1653831170.075787
space, 1653831170.7316368
space, 1653831171.2516665
space, 1653831171.819788
space, 1653831172.3803308
space, 1653831172.995671
space, 1653831173.573738
space, 1653831174.1718416
space, 1653831174.7662857
space, 1653831175.3642457
space, 1653831175.918369
space, 1653831176.499801
space, 1653831177.0603538
space, 1653831177.6435816
space, 1653831178.2197125
space, 1653831178.8554835
space, 1653831179.4360836
space, 1653831180.0150497
space, 1653831180.5959926
space, 1653831181.1175127
space, 1653831181.7189946
space, 1653831182.3029945
space, 1653831182.9245114
space, 1653831183.4859586
space, 1653831184.0712624
space, 1653831184.6680589
space, 1653831185.2520416
space, 1653831185.8141334
space, 1653831186.380053
space, 1653831186.9643981
space, 1653831187.5243452
space, 1653831188.1242332
space, 1653831188.708155
space, 1653831189.324285
space, 1653831189.901403
space, 1653831190.46843
space, 1653831191.0294328
space, 1653831191.596809
enter, 1653831193.4285114
enter, 1653831193.965434
enter, 1653831194.5414667
enter, 1653831195.1199667
enter, 1653831195.724564
enter, 1653831196.3006055
enter, 1653831196.864087
enter, 1653831197.484477
enter, 1653831198.0447054
enter, 1653831198.6234453
enter, 1653831199.183113
enter, 1653831199.7647552
enter, 1653831200.3649309
enter, 1653831200.9488354
enter, 1653831201.5084765
enter, 1653831202.0862868
enter, 1653831202.684642
enter, 1653831203.3089676
enter, 1653831203.8846593
enter, 1653831204.4449167
enter, 1653831205.0289354
enter, 1653831205.588773
enter, 1653831206.1888347
enter, 1653831206.7487302
enter, 1653831207.308918
enter, 1653831207.8871694
enter, 1653831208.5093122
enter, 1653831209.0848603
enter, 1653831209.6619616
enter, 1653831210.2608936
enter, 1653831210.860825
enter, 1653831211.4385114
enter, 1653831211.997349
enter, 1653831212.5735493
enter, 1653831213.1736248
enter, 1653831213.7732081
enter, 1653831214.3491073
enter, 1653831214.9253964
enter, 1653831215.5009274
enter, 1653831216.1013095
enter, 1653831216.677446
enter, 1653831217.2532413
enter, 1653831217.8304045
enter, 1653831218.4296093
enter, 1653831218.9844985
enter, 1653831219.5813324
enter, 1653831220.1583877
enter, 1653831220.7413201
enter, 1653831221.3173773
enter, 1653831221.8939276
enter, 1653831222.4932926
enter, 1653831223.0701406
enter, 1653831223.6697977
enter, 1653831224.2461782
enter, 1653831224.805757
enter, 1653831225.4216874
enter, 1653831225.9977465
enter, 1653831226.5985034
enter, 1653831227.1422987
enter, 1653831227.7356205
enter, 1653831228.3177183
enter, 1653831228.917918
enter, 1653831229.49474
enter, 1653831230.094105
enter, 1653831230.6296659
enter, 1653831231.2698312
enter, 1653831231.8238041
enter, 1653831232.4059298
enter, 1653831232.9977772
enter, 1653831233.5817673
enter, 1653831234.1418786
enter, 1653831234.7188463
enter, 1653831235.2779353
enter, 1653831235.86191
enter, 1653831236.3661792
enter, 1653831236.9819188
enter, 1653831237.615884
enter, 1653831238.2143793
enter, 1653831238.8158991
enter, 1653831239.3983104
enter, 1653831239.9582279
enter, 1653831240.5579832
enter, 1653831241.1181362
enter, 1653831241.7179768
enter, 1653831242.312109
enter, 1653831242.8940642
enter, 1653831243.431621
enter, 1653831243.9904623
enter, 1653831244.4943027
enter, 1653831245.110394
enter, 1653831245.782294
enter, 1653831246.358833
enter, 1653831246.9515338
enter, 1653831247.5903513
enter, 1653831248.1268582
enter, 1653831248.6862772
enter, 1653831249.2643092
enter, 1653831249.8465466
enter, 1653831250.4224062
enter, 1653831250.9985354
q, 1653831254.0144794
q, 1653831254.6146197
q, 1653831255.1916885
q, 1653831255.7745504
q, 1653831256.3185444
q, 1653831256.8625636
q, 1653831257.4470782
q, 1653831258.0468235
q, 1653831258.6077087
q, 1653831259.206835
q, 1653831259.824568
q, 1653831260.3667371
q, 1653831260.9908018
q, 1653831261.6068945
q, 1653831262.2012403
q, 1653831262.7668078
q, 1653831263.3203394
q, 1653831263.9027486
q, 1653831264.4823327
q, 1653831265.0819395
q, 1653831265.662795
q, 1653831266.2230203
q, 1653831266.7989979
q, 1653831267.392092
q, 1653831268.5350285
q, 1653831269.1911302
q, 1653831269.7700768
q, 1653831270.3520513
q, 1653831270.9125266
q, 1653831271.511011
q, 1653831272.0869322
q, 1653831272.671147
q, 1653831273.2077205
q, 1653831273.8261478
q, 1653831274.4237413
q, 1653831274.983298
q, 1653831275.5675182
q, 1653831276.1275392
q, 1653831276.7272608
q, 1653831277.3277173
q, 1653831277.8877683
q, 1653831278.4509938
q, 1653831279.0153332
q, 1653831279.5912664
q, 1653831280.2243636
q, 1653831280.8024843
q, 1653831281.3678565
q, 1653831281.9223573
q, 1653831282.5433693
q, 1653831283.1279635
q, 1653831283.687572
q, 1653831284.2639568
q, 1653831284.8244867
q, 1653831285.447623
q, 1653831286.0636847
q, 1653831286.7196846
q, 1653831287.299067
q, 1653831287.8235857
q, 1653831288.351618
q, 1653831288.9121451
q, 1653831289.4507096
q, 1653831290.2076845
q, 1653831290.7279809
q, 1653831291.2728908
q, 1653831291.7937527
q, 1653831292.3602831
q, 1653831292.9371603
q, 1653831293.5206823
q, 1653831294.1770337
q, 1653831294.7050538
q, 1653831295.2725503
q, 1653831295.8663316
q, 1653831296.4720192
q, 1653831297.0559776
q, 1653831297.6001399
q, 1653831298.2004304
q, 1653831298.8020446
q, 1653831299.384405
q, 1653831299.9848883
q, 1653831300.567748
q, 1653831301.175942
q, 1653831301.7601714
q, 1653831302.3445084
q, 1653831302.8892512
q, 1653831303.4402232
q, 1653831303.9448314
q, 1653831304.5846844
q, 1653831305.2184634
q, 1653831305.9927068
q, 1653831306.4643757
q, 1653831307.043436
q, 1653831307.5523355
q, 1653831308.1922865
q, 1653831308.7360837
q, 1653831309.2964084
q, 1653831309.875501
q, 1653831310.456328
q, 1653831311.000422
q, 1653831311.5683482
q, 1653831312.1464489
p, 1653831314.6244562
p, 1653831315.176945
p, 1653831315.7314072
p, 1653831316.288557
p, 1653831316.866462
p, 1653831317.4649715
p, 1653831318.0651248
p, 1653831318.6245873
p, 1653831319.2245066
p, 1653831319.7795212
p, 1653831320.3610747
p, 1653831320.9207258
p, 1653831321.538522
p, 1653831322.120665
p, 1653831322.720457
p, 1653831323.2972777
p, 1653831323.8970034
p, 1653831324.4567184
p, 1653831325.0741968
p, 1653831325.752762
p, 1653831326.3693101
p, 1653831326.9293973
p, 1653831327.5288029
p, 1653831328.104908
p, 1653831328.7449174
p, 1653831329.40145
p, 1653831329.9794745
p, 1653831330.6173518
p, 1653831331.2104359
p, 1653831331.8269107
p, 1653831332.4259138
p, 1653831332.9871159
p, 1653831333.5852594
p, 1653831334.168891
p, 1653831334.7129107
p, 1653831335.2670598
p, 1653831335.945178
p, 1653831336.561991
p, 1653831337.1456108
p, 1653831337.76132
p, 1653831338.3851888
p, 1653831339.0031085
p, 1653831339.642303
p, 1653831340.3402667
p, 1653831340.9797008
p, 1653831341.521033
p, 1653831342.083357
p, 1653831342.7053742
p, 1653831343.2897005
p, 1653831343.8667321
p, 1653831344.482368
p, 1653831345.05933
p, 1653831345.6252968
p, 1653831346.2258778
p, 1653831346.8594017
p, 1653831347.4592881
p, 1653831348.041353
p, 1653831348.6413505
p, 1653831349.2599652
p, 1653831349.825878
p, 1653831350.4979093
p, 1653831351.1159368
p, 1653831351.7156925
p, 1653831352.28153
p, 1653831352.8661785
p, 1653831353.4270668
p, 1653831353.971616
p, 1653831354.5376592
p, 1653831355.114583
p, 1653831355.6765494
p, 1653831356.3150811
p, 1653831356.9377923
p, 1653831357.5141368
p, 1653831358.115246
p, 1653831358.6767642
p, 1653831359.2418156
p, 1653831359.7857916
p, 1653831360.3701978
p, 1653831360.9699836
p, 1653831361.5299246
p, 1653831362.1298654
p, 1653831362.6977775
p, 1653831363.2982848
p, 1653831363.8423266
p, 1653831364.3858
p, 1653831364.9651341
p, 1653831365.5233839
p, 1653831366.090011
p, 1653831366.6669436
p, 1653831367.228878
p, 1653831367.8288505
p, 1653831368.4343529
p, 1653831369.018143
p, 1653831369.595013
p, 1653831370.1571844
p, 1653831370.7159996
p, 1653831371.3545818
p, 1653831372.0125682
p, 1653831372.6106226
p, 1653831373.227597
z, 1653831379.1567414
z, 1653831379.8747847
z, 1653831380.6215377
z, 1653831381.4503927
z, 1653831382.0842886
z, 1653831382.6983821
z, 1653831383.282524
z, 1653831383.9735243
z, 1653831384.5945935
z, 1653831385.194936
z, 1653831385.8344793
z, 1653831386.373429
z, 1653831387.0113049
z, 1653831387.55522
z, 1653831388.1945045
z, 1653831388.7713647
z, 1653831389.3735862
z, 1653831389.9624805
z, 1653831390.5949428
z, 1653831391.2350285
z, 1653831391.8265872
z, 1653831392.3546114
z, 1653831392.949631
z, 1653831393.570571
z, 1653831394.243177
z, 1653831394.9009936
z, 1653831395.540864
z, 1653831396.0671828
z, 1653831396.7227776
z, 1653831397.366258
z, 1653831397.93081
z, 1653831398.5469177
z, 1653831399.178793
z, 1653831399.7947164
z, 1653831400.3548577
z, 1653831400.9551249
z, 1653831401.5164664
z, 1653831402.0940723
z, 1653831402.7098486
z, 1653831403.2908182
z, 1653831403.9089835
z, 1653831404.4909506
z, 1653831405.0512862
z, 1653831405.6349287
z, 1653831406.1730258
z, 1653831406.754727
z, 1653831407.3395014
z, 1653831407.9150932
z, 1653831408.5103717
z, 1653831409.0911398
z, 1653831409.5947099
z, 1653831410.1949508
z, 1653831410.8592498
z, 1653831411.4207585
z, 1653831411.950187
z, 1653831412.571182
z, 1653831413.115663
z, 1653831413.7161312
z, 1653831414.3000112
z, 1653831414.8432178
z, 1653831415.395249
z, 1653831415.9797955
z, 1653831416.5243208
z, 1653831417.107776
z, 1653831417.7151494
z, 1653831418.2943387
z, 1653831418.8194056
z, 1653831419.4030895
z, 1653831419.9474723
z, 1653831420.4912333
z, 1653831421.0353117
z, 1653831421.6357722
z, 1653831422.1955576
z, 1653831422.774637
z, 1653831423.3551893
z, 1653831423.8999488
z, 1653831424.4040008
z, 1653831424.9313903
z, 1653831425.4529452
z, 1653831425.997048
z, 1653831426.5637436
z, 1653831427.1240664
z, 1653831427.7244565
z, 1653831428.3076043
z, 1653831428.867594
z, 1653831429.4516659
z, 1653831429.9895544
z, 1653831430.5715632
z, 1653831431.0756311
z, 1653831431.6037302
z, 1653831432.198516
z, 1653831432.7236414
z, 1653831433.2917123
z, 1653831433.8358448
z, 1653831434.4516852
z, 1653831434.9556818
z, 1653831435.572459
z, 1653831436.075938
z, 1653831436.6597753
z, 1653831437.2044895
g, 1653831442.0363903
g, 1653831442.6840942
g, 1653831443.2220178
g, 1653831443.860931
g, 1653831444.46188
g, 1653831445.1004767
g, 1653831445.700171
g, 1653831446.2774026
g, 1653831446.8040078
g, 1653831447.414534
g, 1653831448.0121756
g, 1653831448.5719173
g, 1653831449.1720605
g, 1653831449.7480276
g, 1653831450.3250926
g, 1653831450.8289464
g, 1653831451.41258
g, 1653831451.932568
g, 1653831452.548804
g, 1653831452.9967194
g, 1653831453.6303642
g, 1653831454.132669
g, 1653831454.903319
g, 1653831455.580182
g, 1653831456.1803126
g, 1653831456.7189872
g, 1653831457.2281654
g, 1653831458.014269
g, 1653831458.6525326
g, 1653831459.2368348
g, 1653831459.908299
g, 1653831460.4607983
g, 1653831461.0208032
g, 1653831461.654249
g, 1653831462.1805022
g, 1653831462.7804968
g, 1653831463.3808787
g, 1653831463.9404852
g, 1653831464.573332
g, 1653831465.1565154
g, 1653831465.7723353
g, 1653831466.3402815
g, 1653831466.9197965
g, 1653831467.4616032
g, 1653831468.0461118
g, 1653831468.6075222
g, 1653831469.2125173
g, 1653831469.9436297
g, 1653831470.524704
g, 1653831471.0846877
g, 1653831471.7245681
g, 1653831472.2610533
g, 1653831472.9407427
g, 1653831473.5182312
g, 1653831474.1012855
g, 1653831474.7015371
g, 1653831475.2851815
g, 1653831475.9168217
g, 1653831476.5412378
g, 1653831477.156673
g, 1653831477.7247746
g, 1653831478.3812606
g, 1653831479.1177244
g, 1653831480.1568315
g, 1653831480.8287373
g, 1653831481.5253057
g, 1653831482.1971455
g, 1653831482.6850908
g, 1653831483.396977
g, 1653831484.164959
g, 1653831484.8607998
g, 1653831485.5574367
g, 1653831486.2881641
g, 1653831487.0214036
g, 1653831487.7567496
g, 1653831488.4690802
g, 1653831489.221158
g, 1653831489.8770792
g, 1653831490.6128283
g, 1653831491.2774851
g, 1653831491.8610225
g, 1653831492.4610157
g, 1653831493.0621626
g, 1653831493.72488
g, 1653831494.3590796
g, 1653831494.9655967
g, 1653831495.6051366
g, 1653831496.2777007
g, 1653831496.9351983
g, 1653831497.6535034
g, 1653831498.2880414
g, 1653831498.966629
g, 1653831499.5608366
g, 1653831500.2932248
g, 1653831500.925828
g, 1653831501.6212032
g, 1653831502.2375133
g, 1653831502.9493623
g, 1653831503.6372833
g, 1653831504.271197
m, 1653831508.9513757
m, 1653831509.6294425
m, 1653831510.317971
m, 1653831510.9735649
m, 1653831511.6296792
m, 1653831512.2860055
m, 1653831512.9334369
m, 1653831513.605535
m, 1653831514.3021438
m, 1653831514.9496722
m, 1653831515.6055856
m, 1653831516.1817172
m, 1653831516.9496253
m, 1653831517.5581803
m, 1653831518.2697635
m, 1653831518.9256756
m, 1653831519.6145597
m, 1653831520.231623
m, 1653831520.9048686
m, 1653831522.3349035
m, 1653831522.9502146
m, 1653831523.5820699
m, 1653831524.198088
m, 1653831524.8537903
m, 1653831525.584214
m, 1653831526.2802212
m, 1653831526.9019277
m, 1653831527.5534775
m, 1653831528.2138782
m, 1653831528.901707
m, 1653831529.558011
m, 1653831530.286485
m, 1653831530.9420972
m, 1653831531.6139216
m, 1653831532.2474058
m, 1653831532.9762032
m, 1653831533.60743
m, 1653831534.2060876
m, 1653831534.8168533
m, 1653831535.550564
m, 1653831536.2620509
m, 1653831536.9291694
m, 1653831537.5821424
m, 1653831538.254273
m, 1653831538.9260762
m, 1653831539.6380968
m, 1653831540.2730854
m, 1653831540.926067
m, 1653831541.6173751
m, 1653831542.2493815
m, 1653831542.9034827
m, 1653831543.5760036
m, 1653831544.2317054
m, 1653831544.9262128
m, 1653831545.598792
m, 1653831546.254324
m, 1653831546.886372
m, 1653831547.576476
m, 1653831548.2470098
m, 1653831548.902451
m, 1653831549.5745897
m, 1653831550.4723508
m, 1653831551.0308495
m, 1653831551.7377536
m, 1653831552.3744292
m, 1653831553.0869226
m, 1653831553.726521
m, 1653831554.4009748
m, 1653831555.0004606
m, 1653831555.567104
m, 1653831556.1826198
m, 1653831556.782364
m, 1653831557.4070241
m, 1653831558.0016203
m, 1653831558.6809258
m, 1653831559.279507
m, 1653831559.9200606
m, 1653831560.5426652
m, 1653831561.1991043
m, 1653831561.8145974
m, 1653831562.3345706
m, 1653831563.0070689
m, 1653831563.5998728
m, 1653831564.2946072
m, 1653831564.9265754
m, 1653831565.6225743
m, 1653831566.2412302
m, 1653831566.950804
m, 1653831567.6245468
m, 1653831568.2631109
m, 1653831568.8968194
m, 1653831569.5691652
m, 1653831570.2070334
m, 1653831570.8417406
m, 1653831571.5189197
m, 1653831572.1190228
m, 1653831572.9425144
m, 1653831573.6549847
m, 1653831574.3111055
m, 1653831574.9674401
6, 1653831579.5994709
6, 1653831580.2891
6, 1653831580.9431221
6, 1653831581.5592844
6, 1653831582.2554772
6, 1653831582.889285
6, 1653831583.5990822
6, 1653831584.2571328
6, 1653831584.9129553
6, 1653831585.5130708
6, 1653831586.1596382
6, 1653831586.849495
6, 1653831587.527107
6, 1653831588.2233243
6, 1653831588.9199533
6, 1653831589.599241
6, 1653831590.2958956
6, 1653831590.9271514
6, 1653831591.5467472
6, 1653831592.207862
6, 1653831592.9031165
6, 1653831593.559281
6, 1653831594.215307
6, 1653831594.8874147
6, 1653831595.5198846
6, 1653831596.1756177
6, 1653831596.8871179
6, 1653831597.5625958
6, 1653831598.3110988
6, 1653831599.058387
6, 1653831599.6393375
6, 1653831600.2485652
6, 1653831600.9064872
6, 1653831601.5274005
6, 1653831602.2168455
6, 1653831602.887419
6, 1653831603.5594902
6, 1653831604.2154377
6, 1653831604.911656
6, 1653831605.5838885
6, 1653831606.23926
6, 1653831606.9119613
6, 1653831607.5840428
6, 1653831608.2330847
6, 1653831608.9470572
6, 1653831609.6241686
6, 1653831610.2796123
6, 1653831610.9117548
6, 1653831611.5675445
6, 1653831612.2955313
6, 1653831612.9117467
6, 1653831613.5682201
6, 1653831614.2241445
6, 1653831614.839415
6, 1653831615.5356874
6, 1653831616.1697521
6, 1653831616.919744
6, 1653831617.56978
6, 1653831618.2647831
6, 1653831618.9759078
6, 1653831619.6877117
6, 1653831620.3757825
6, 1653831621.0656114
6, 1653831621.7387583
6, 1653831622.527557
6, 1653831623.1679835
6, 1653831623.7515779
6, 1653831624.345826
6, 1653831624.9439037
6, 1653831625.5359757
6, 1653831626.192001
6, 1653831626.7917957
6, 1653831627.3921099
6, 1653831627.992033
6, 1653831628.6094348
6, 1653831629.248377
6, 1653831629.8818846
6, 1653831630.4664807
6, 1653831631.1199822
6, 1653831631.6969538
6, 1653831632.320004
6, 1653831632.9761717
6, 1653831633.6238782
6, 1653831634.240528
6, 1653831634.8559709
6, 1653831635.4726381
6, 1653831636.010124
6, 1653831636.816029
6, 1653831637.4319134
6, 1653831638.0566425
6, 1653831638.6510077
6, 1653831639.1926055
6, 1653831639.823838
6, 1653831640.4032218
6, 1653831640.9840283
6, 1653831641.6013632
6, 1653831642.2806866
6, 1653831642.9119053
6, 1653831643.5122206
6, 1653831644.1287298
