space, 1653828764.8831027
space, 1653828765.4982262
space, 1653828766.098788
space, 1653828766.6928885
space, 1653828767.2745068
space, 1653828767.8507721
space, 1653828768.4664164
space, 1653828769.0447674
space, 1653828769.6041124
space, 1653828770.146726
space, 1653828770.740685
space, 1653828771.2996151
space, 1653828771.8832726
space, 1653828772.4369016
space, 1653828772.9632757
space, 1653828773.5569787
space, 1653828774.1389043
space, 1653828774.7550104
space, 1653828775.3710449
space, 1653828776.0270398
space, 1653828776.7394924
space, 1653828777.4113653
space, 1653828778.0856771
space, 1653828778.740315
space, 1653828779.4513602
space, 1653828780.1395566
space, 1653828780.8519063
space, 1653828781.5415885
space, 1653828782.2759352
space, 1653828782.9475572
space, 1653828783.6438906
space, 1653828784.3162751
space, 1653828784.9717278
space, 1653828785.7176938
space, 1653828786.4862947
space, 1653828787.1958501
space, 1653828787.947988
space, 1653828788.7237117
space, 1653828789.5724335
space, 1653828790.4525917
space, 1653828791.2131884
space, 1653828791.9243047
space, 1653828792.7887528
space, 1653828793.532311
space, 1653828794.2448266
space, 1653828795.085506
space, 1653828795.9096155
space, 1653828796.6766188
space, 1653828797.3883903
space, 1653828798.156386
space, 1653828799.67682
space, 1653828800.4642413
space, 1653828801.1413803
space, 1653828801.94283
space, 1653828802.597075
space, 1653828803.384431
space, 1653828804.1171346
space, 1653828804.8050847
space, 1653828805.5341833
space, 1653828806.2611024
space, 1653828807.0293741
space, 1653828807.7577496
space, 1653828808.4538546
space, 1653828809.165617
space, 1653828809.9348552
space, 1653828810.7020588
space, 1653828811.4306335
space, 1653828812.2170165
space, 1653828813.0056474
space, 1653828813.8076437
space, 1653828814.5180063
space, 1653828815.269641
space, 1653828816.0160043
space, 1653828816.7502096
space, 1653828817.5898435
space, 1653828818.448063
space, 1653828819.2158792
space, 1653828819.9658082
space, 1653828820.7345603
space, 1653828821.495914
space, 1653828822.262955
space, 1653828823.0706403
space, 1653828823.8576543
space, 1653828824.662272
space, 1653828825.463261
space, 1653828826.2318654
space, 1653828826.9663775
space, 1653828827.7508829
space, 1653828828.5129795
space, 1653828829.3183558
space, 1653828830.0870626
space, 1653828830.8896184
space, 1653828831.678732
space, 1653828832.7109501
space, 1653828833.4072282
space, 1653828834.1926186
space, 1653828834.9833968
space, 1653828835.7830508
space, 1653828836.6073658
space, 1653828837.358863
enter, 1653828839.9383342
enter, 1653828840.7831666
enter, 1653828841.4953055
enter, 1653828842.2233458
enter, 1653828842.895427
enter, 1653828843.5518665
enter, 1653828844.2174232
enter, 1653828845.3839905
enter, 1653828846.0320842
enter, 1653828846.7609992
enter, 1653828847.4510076
enter, 1653828848.3116593
enter, 1653828849.1195312
enter, 1653828849.8658054
enter, 1653828850.5764725
enter, 1653828851.3062654
enter, 1653828852.0958593
enter, 1653828852.8029892
enter, 1653828853.5924892
enter, 1653828854.3209877
enter, 1653828855.0160398
enter, 1653828855.8021104
enter, 1653828856.5361059
enter, 1653828857.2426317
enter, 1653828857.9521894
enter, 1653828858.6822605
enter, 1653828859.4890199
enter, 1653828860.2173781
enter, 1653828860.9466941
enter, 1653828861.696713
enter, 1653828862.4649997
enter, 1653828863.1557238
enter, 1653828863.922576
enter, 1653828864.6331148
enter, 1653828865.4016533
enter, 1653828866.1127756
enter, 1653828866.842218
enter, 1653828867.5527923
enter, 1653828868.361223
enter, 1653828869.107401
enter, 1653828869.8974123
enter, 1653828870.642499
enter, 1653828871.4105024
enter, 1653828872.1050363
enter, 1653828872.8729823
enter, 1653828873.585071
enter, 1653828874.3132222
enter, 1653828875.0045447
enter, 1653828875.7377656
enter, 1653828876.4493423
enter, 1653828877.1564155
enter, 1653828877.8663435
enter, 1653828878.6015086
enter, 1653828879.3079176
enter, 1653828880.0814815
enter, 1653828880.8100924
enter, 1653828881.4898448
enter, 1653828882.1856358
enter, 1653828883.026592
enter, 1653828883.7617078
enter, 1653828884.4518933
enter, 1653828885.20267
enter, 1653828885.9141145
enter, 1653828886.697737
enter, 1653828887.481302
enter, 1653828888.1938927
enter, 1653828888.921466
enter, 1653828889.689784
enter, 1653828890.43566
enter, 1653828891.2036004
enter, 1653828891.9534898
enter, 1653828892.7384562
enter, 1653828893.4335742
enter, 1653828894.1214218
enter, 1653828894.8727562
enter, 1653828895.6172187
enter, 1653828896.3616571
enter, 1653828897.1475966
enter, 1653828897.8965068
enter, 1653828898.682498
enter, 1653828899.4500349
enter, 1653828900.2008553
enter, 1653828900.9846895
enter, 1653828901.7132711
enter, 1653828902.4803169
enter, 1653828903.192265
enter, 1653828903.8995035
enter, 1653828904.6885507
enter, 1653828905.456172
enter, 1653828906.2401276
enter, 1653828907.0244715
enter, 1653828907.7600448
enter, 1653828908.5219176
enter, 1653828909.2903378
enter, 1653828910.0188024
enter, 1653828910.7516134
enter, 1653828911.4957366
enter, 1653828912.2240705
enter, 1653828912.991878
enter, 1653828913.7037663
q, 1653828922.5992122
q, 1653828923.2897608
q, 1653828923.9669774
q, 1653828924.6166139
q, 1653828925.2870095
q, 1653828925.9428854
q, 1653828926.6864307
q, 1653828927.3827116
q, 1653828928.0705514
q, 1653828928.7834287
q, 1653828929.4782743
q, 1653828930.1902769
q, 1653828930.8781726
q, 1653828931.5906053
q, 1653828932.2465668
q, 1653828932.9180207
q, 1653828933.5901244
q, 1653828934.2619119
q, 1653828934.989873
q, 1653828935.6458642
q, 1653828936.318156
q, 1653828937.009186
q, 1653828937.6631565
q, 1653828938.3356092
q, 1653828939.0077062
q, 1653828939.661454
q, 1653828940.3174417
q, 1653828940.989713
q, 1653828941.701851
q, 1653828942.3523896
q, 1653828943.005478
q, 1653828943.6773999
q, 1653828944.317382
q, 1653828945.0236278
q, 1653828945.6950412
q, 1653828946.3335907
q, 1653828947.0221744
q, 1653828947.6962514
q, 1653828948.3732674
q, 1653828949.0060105
q, 1653828949.7014127
q, 1653828950.4289315
q, 1653828951.0293195
q, 1653828951.6448138
q, 1653828952.3168604
q, 1653828952.9726026
q, 1653828953.646162
q, 1653828954.318622
q, 1653828954.9517198
q, 1653828955.6236558
q, 1653828956.260567
q, 1653828956.9890895
q, 1653828957.604467
q, 1653828958.2845166
q, 1653828958.9724245
q, 1653828959.668427
q, 1653828960.3083165
q, 1653828960.92473
q, 1653828961.6124413
q, 1653828962.2524755
q, 1653828962.8682323
q, 1653828963.636519
q, 1653828964.2683353
q, 1653828964.908022
q, 1653828965.5798957
q, 1653828966.2692664
q, 1653828966.8853078
q, 1653828967.5804899
q, 1653828968.2693162
q, 1653828968.9407895
q, 1653828969.6357582
q, 1653828970.3238983
q, 1653828971.6034496
q, 1653828972.3000093
q, 1653828972.9338908
q, 1653828973.5955667
q, 1653828974.2680235
q, 1653828974.909913
q, 1653828975.5826225
q, 1653828976.2773657
q, 1653828976.9312165
q, 1653828977.603418
q, 1653828978.2362642
q, 1653828978.8912601
q, 1653828979.5962465
q, 1653828980.2676206
q, 1653828980.9077115
q, 1653828981.563113
q, 1653828982.2513835
q, 1653828982.9075797
q, 1653828983.5801942
q, 1653828984.2349384
q, 1653828984.8681262
q, 1653828985.5244517
q, 1653828986.1629922
q, 1653828986.8189993
q, 1653828987.4747977
q, 1653828988.1547
q, 1653828988.8272715
q, 1653828989.4831877
p, 1653828995.7869587
p, 1653828996.364862
p, 1653828997.0022724
p, 1653828997.6908622
p, 1653828998.3383477
p, 1653828999.0105643
p, 1653828999.7224422
p, 1653829000.373738
p, 1653829001.050766
p, 1653829001.6587303
p, 1653829002.3543367
p, 1653829002.9470165
p, 1653829003.5860398
p, 1653829004.202178
p, 1653829004.852643
p, 1653829005.5060487
p, 1653829006.083192
p, 1653829006.795477
p, 1653829007.35445
p, 1653829008.0274565
p, 1653829008.6048489
p, 1653829009.220022
p, 1653829009.8978295
p, 1653829010.48976
p, 1653829011.1298938
p, 1653829011.762138
p, 1653829012.3781672
p, 1653829012.9940786
p, 1653829013.5934741
p, 1653829014.2815723
p, 1653829014.8976269
p, 1653829015.5535727
p, 1653829016.1700146
p, 1653829016.8415103
p, 1653829017.4736857
p, 1653829018.1479979
p, 1653829018.7856011
p, 1653829019.419825
p, 1653829020.0192611
p, 1653829020.6418693
p, 1653829021.3133297
p, 1653829021.932757
p, 1653829022.5693536
p, 1653829023.1932518
p, 1653829023.8892264
p, 1653829024.4831717
p, 1653829025.1051133
p, 1653829025.721271
p, 1653829026.3456075
p, 1653829026.9858634
p, 1653829027.6016839
p, 1653829028.2575066
p, 1653829028.8575938
p, 1653829029.47512
p, 1653829030.1145315
p, 1653829030.7536204
p, 1653829031.3870487
p, 1653829032.0253904
p, 1653829032.6808505
p, 1653829033.3549442
p, 1653829034.05039
p, 1653829034.785324
p, 1653829035.401501
p, 1653829036.0738206
p, 1653829036.752779
p, 1653829037.4252746
p, 1653829038.0422294
p, 1653829038.7376542
p, 1653829039.4171612
p, 1653829040.152643
p, 1653829040.8483145
p, 1653829041.520597
p, 1653829042.1925602
p, 1653829042.8680801
p, 1653829043.5445342
p, 1653829044.2167556
p, 1653829044.928584
p, 1653829045.6010032
p, 1653829046.2500079
p, 1653829047.001429
p, 1653829047.6574848
p, 1653829048.3762245
p, 1653829049.0258658
p, 1653829049.682792
p, 1653829050.3768678
p, 1653829051.0660505
p, 1653829051.7399762
p, 1653829052.3927681
p, 1653829053.0487447
p, 1653829053.704418
p, 1653829054.3607275
p, 1653829055.0568151
p, 1653829055.7122333
p, 1653829056.3866625
p, 1653829057.0406804
p, 1653829057.6420536
p, 1653829058.3605864
p, 1653829059.010538
p, 1653829059.6480803
p, 1653829060.344492
z, 1653829068.20065
z, 1653829068.833004
z, 1653829069.4489713
z, 1653829070.087776
z, 1653829070.7226477
z, 1653829071.3599167
z, 1653829071.9951506
z, 1653829072.6162062
z, 1653829073.2716298
z, 1653829073.9438133
z, 1653829074.6395478
z, 1653829075.375667
z, 1653829076.047946
z, 1653829076.7040827
z, 1653829077.415523
z, 1653829078.1113174
z, 1653829078.7835572
z, 1653829079.417907
z, 1653829080.0569525
z, 1653829080.7286124
z, 1653829081.4239979
z, 1653829082.0554252
z, 1653829082.712707
z, 1653829083.3358216
z, 1653829083.9678082
z, 1653829084.639804
z, 1653829085.3122306
z, 1653829085.984753
z, 1653829086.6407745
z, 1653829087.279742
z, 1653829087.9193437
z, 1653829088.5691905
z, 1653829089.2631636
z, 1653829089.9357073
z, 1653829090.554129
z, 1653829091.1916833
z, 1653829091.831619
z, 1653829092.5213883
z, 1653829093.1751866
z, 1653829093.8237152
z, 1653829094.4973967
z, 1653829095.1673465
z, 1653829095.8230603
z, 1653829096.4396148
z, 1653829097.095558
z, 1653829097.7672682
z, 1653829098.4024744
z, 1653829099.063605
z, 1653829099.7143714
z, 1653829100.3465574
z, 1653829100.9783568
z, 1653829101.5991607
z, 1653829102.255586
z, 1653829102.9195282
z, 1653829103.5515609
z, 1653829104.1854784
z, 1653829104.8948693
z, 1653829105.5445366
z, 1653829106.6331406
z, 1653829107.249433
z, 1653829107.9054315
z, 1653829108.5590026
z, 1653829109.1910517
z, 1653829109.826265
z, 1653829110.5193436
z, 1653829111.174797
z, 1653829111.7907727
z, 1653829112.4259331
z, 1653829113.0633745
z, 1653829113.7369266
z, 1653829114.4314241
z, 1653829115.030997
z, 1653829115.703322
z, 1653829116.3748193
z, 1653829117.0305233
z, 1653829117.6227713
z, 1653829118.2397609
z, 1653829118.9348164
z, 1653829119.5696478
z, 1653829120.19075
z, 1653829120.8466787
z, 1653829121.4787257
z, 1653829122.0945697
z, 1653829122.7751074
z, 1653829123.4251924
z, 1653829124.0226507
z, 1653829124.7140315
z, 1653829125.3506346
z, 1653829125.9504912
z, 1653829126.6065943
z, 1653829127.206935
z, 1653829127.8385265
z, 1653829128.4885132
z, 1653829129.0870032
z, 1653829129.7425945
z, 1653829130.3989317
z, 1653829130.992489
z, 1653829131.6084976
z, 1653829132.2244658
z, 1653829132.8385172
g, 1653829135.535444
g, 1653829136.174942
g, 1653829136.886522
g, 1653829137.4969056
g, 1653829138.1345975
g, 1653829138.7456875
g, 1653829139.3823369
g, 1653829140.0389173
g, 1653829140.671785
g, 1653829141.3288798
g, 1653829141.9908292
g, 1653829142.5828304
g, 1653829143.2387657
g, 1653829143.894832
g, 1653829144.489958
g, 1653829145.0942893
g, 1653829145.7267807
g, 1653829146.3669984
g, 1653829146.9995983
g, 1653829147.5987265
g, 1653829148.31078
g, 1653829148.9022934
g, 1653829149.542286
g, 1653829150.1345906
g, 1653829150.734464
g, 1653829151.350813
g, 1653829151.9666612
g, 1653829152.56819
g, 1653829153.1842146
g, 1653829153.801212
g, 1653829154.4006295
g, 1653829155.0386147
g, 1653829155.6946228
g, 1653829156.310074
g, 1653829156.9265802
g, 1653829157.5425866
g, 1653829158.1821878
g, 1653829158.7762928
g, 1653829159.4149892
g, 1653829160.0381267
g, 1653829160.6555886
g, 1653829161.270316
g, 1653829161.8860724
g, 1653829162.5426397
g, 1653829163.1425607
g, 1653829163.7180836
g, 1653829164.391274
g, 1653829165.0477753
g, 1653829165.686076
g, 1653829166.3341043
g, 1653829166.950042
g, 1653829167.598151
g, 1653829168.2701175
g, 1653829168.886487
g, 1653829169.4779453
g, 1653829170.095027
g, 1653829170.7345812
g, 1653829171.3901575
g, 1653829172.014088
g, 1653829172.6479576
g, 1653829173.2639344
g, 1653829173.8629735
g, 1653829174.463938
g, 1653829175.1034648
g, 1653829175.7260108
g, 1653829176.326224
g, 1653829176.9423957
g, 1653829177.5424845
g, 1653829178.142417
g, 1653829178.7423875
g, 1653829179.3659277
g, 1653829179.983938
g, 1653829180.5664878
g, 1653829181.1658378
g, 1653829181.7662263
g, 1653829182.3995025
g, 1653829182.9819674
g, 1653829183.6003551
g, 1653829184.2224407
g, 1653829184.8238893
g, 1653829185.423047
g, 1653829186.0807424
g, 1653829186.6623917
g, 1653829187.2553349
g, 1653829187.8944488
g, 1653829188.5100398
g, 1653829189.1499188
g, 1653829189.733735
g, 1653829190.333697
g, 1653829190.9499059
g, 1653829191.5664392
g, 1653829192.1898057
g, 1653829192.7902565
g, 1653829193.3744376
g, 1653829194.0089126
g, 1653829194.6094239
g, 1653829195.2298746
g, 1653829195.8700182
g, 1653829196.4863343
g, 1653829197.0856414
m, 1653829201.9580605
m, 1653829202.5357845
m, 1653829203.2063637
m, 1653829203.8221958
m, 1653829204.4222467
m, 1653829205.0148892
m, 1653829205.6697855
m, 1653829206.2296407
m, 1653829206.8297167
m, 1653829207.4617743
m, 1653829208.1024537
m, 1653829208.6380208
m, 1653829209.198781
m, 1653829209.7982762
m, 1653829210.3979838
m, 1653829210.9343567
m, 1653829211.4383461
m, 1653829211.9421637
m, 1653829212.5771897
m, 1653829213.197822
m, 1653829213.81384
m, 1653829214.429743
m, 1653829215.0297213
m, 1653829215.664328
m, 1653829216.2616518
m, 1653829216.8783395
m, 1653829217.4942107
m, 1653829218.10958
m, 1653829218.7270038
m, 1653829219.3256903
m, 1653829219.9613125
m, 1653829220.5983214
m, 1653829221.2138226
m, 1653829221.8492475
m, 1653829222.429857
m, 1653829223.046417
m, 1653829223.6619585
m, 1653829224.3339486
m, 1653829224.9674668
m, 1653829225.6059532
m, 1653829226.2388337
m, 1653829226.8383353
m, 1653829227.477836
m, 1653829228.069819
m, 1653829228.7043378
m, 1653829229.2859423
m, 1653829229.9357808
m, 1653829230.605721
m, 1653829231.2058845
m, 1653829231.8383913
m, 1653829232.4718695
m, 1653829233.054085
m, 1653829233.6698058
m, 1653829234.2855735
m, 1653829234.9368517
m, 1653829235.5177677
m, 1653829236.1108289
m, 1653829236.7100468
m, 1653829237.3657851
m, 1653829237.9757676
m, 1653829238.5358021
m, 1653829239.150893
m, 1653829239.7342455
m, 1653829240.3499942
m, 1653829240.886822
m, 1653829241.4296129
m, 1653829242.04877
m, 1653829242.608237
m, 1653829243.2303317
m, 1653829243.8459933
m, 1653829244.517869
m, 1653829245.1853971
m, 1653829245.8377953
m, 1653829246.4217575
m, 1653829247.110045
m, 1653829247.709866
m, 1653829248.326193
m, 1653829248.9423618
m, 1653829249.592363
m, 1653829250.1743183
m, 1653829250.7903237
m, 1653829251.4780462
m, 1653829252.134269
m, 1653829252.7842896
m, 1653829253.4217668
m, 1653829254.0777955
m, 1653829254.7338567
m, 1653829255.327862
m, 1653829255.9658246
m, 1653829256.5657396
m, 1653829257.1823027
m, 1653829257.7759562
m, 1653829258.3737693
m, 1653829259.0297933
m, 1653829259.702138
m, 1653829260.3740988
m, 1653829261.0066843
m, 1653829261.6457999
m, 1653829262.2219071
m, 1653829262.8552883
6, 1653829266.5579426
6, 1653829267.1526453
6, 1653829267.8859339
6, 1653829268.517889
6, 1653829269.1578283
6, 1653829269.85438
6, 1653829270.5257888
6, 1653829271.1423538
6, 1653829271.8163407
6, 1653829272.397863
6, 1653829273.0539784
6, 1653829273.7270198
6, 1653829274.3823338
6, 1653829274.9664955
6, 1653829275.560057
6, 1653829276.1823428
6, 1653829276.7823153
6, 1653829277.375768
6, 1653829277.976951
6, 1653829278.6379542
6, 1653829279.2379873
6, 1653829279.8945568
6, 1653829280.5898063
6, 1653829281.2074668
6, 1653829281.7900352
6, 1653829282.4298828
6, 1653829283.1027145
6, 1653829283.735872
6, 1653829284.4145927
6, 1653829285.0464914
6, 1653829285.758395
6, 1653829286.3584297
6, 1653829286.9750283
6, 1653829287.6297925
6, 1653829288.190066
6, 1653829288.789853
6, 1653829289.4406283
6, 1653829290.0717647
6, 1653829290.688501
6, 1653829291.3580189
6, 1653829291.9774787
6, 1653829292.5979211
6, 1653829293.2880702
6, 1653829293.9440758
6, 1653829294.6059287
6, 1653829295.1981363
6, 1653829295.8701017
6, 1653829296.4070613
6, 1653829297.065105
6, 1653829297.680811
6, 1653829298.3185432
6, 1653829299.009075
6, 1653829299.6220481
6, 1653829300.2784834
6, 1653829300.9505975
6, 1653829301.630629
6, 1653829302.270054
6, 1653829302.8861744
6, 1653829303.55803
6, 1653829304.1900268
6, 1653829304.9350014
6, 1653829305.5359645
6, 1653829306.158592
6, 1653829306.7911184
6, 1653829307.43018
6, 1653829308.0461242
6, 1653829308.6459267
6, 1653829309.2620282
6, 1653829309.8785965
6, 1653829310.495887
6, 1653829311.1286123
6, 1653829311.7661557
6, 1653829312.4222174
6, 1653829313.0336967
6, 1653829313.6706583
6, 1653829314.2862008
6, 1653829314.9427497
6, 1653829315.5986137
6, 1653829316.2702947
6, 1653829316.902591
6, 1653829317.502642
6, 1653829318.0962157
6, 1653829318.734591
6, 1653829319.4067264
6, 1653829320.0227003
6, 1653829320.6564288
6, 1653829321.271051
6, 1653829321.8884232
6, 1653829322.526763
6, 1653829323.1983259
6, 1653829323.7918172
6, 1653829324.406236
6, 1653829325.0468063
6, 1653829325.6238182
6, 1653829326.2221293
6, 1653829326.838221
6, 1653829327.5857549
6, 1653829328.0872383
6, 1653829328.7264173
6, 1653829329.3421562
